path,transcript,azure
/home/luis/Dropbox/DATASETS_AUDIO/AOLME_Eng_fundamental_May09_2022/WAVS/G-C1L1P-Apr06-E-Irma_q2_03-07_English_001.wav,which ones were on,Which ones were on?
/home/luis/Dropbox/DATASETS_AUDIO/AOLME_Eng_fundamental_May09_2022/WAVS/G-C1L1P-Apr06-E-Irma_q2_03-07_English_004.wav,one one,11
/home/luis/Dropbox/DATASETS_AUDIO/AOLME_Eng_fundamental_May09_2022/WAVS/G-C1L1P-Apr06-E-Irma_q2_03-07_English_007.wav,talking about timers,Talking about timers.
/home/luis/Dropbox/DATASETS_AUDIO/AOLME_Eng_fundamental_May09_2022/WAVS/G-C1L1P-Apr06-E-Irma_q2_03-07_English_010.wav,so now,So now.
/home/luis/Dropbox/DATASETS_AUDIO/AOLME_Eng_fundamental_May09_2022/WAVS/G-C1L1P-Apr06-E-Irma_q2_03-07_English_011.wav,can i touch it,Can I touch it?
/home/luis/Dropbox/DATASETS_AUDIO/AOLME_Eng_fundamental_May09_2022/WAVS/G-C1L1P-Apr06-E-Irma_q2_03-07_English_017.wav,bigger numbers,Bigger numbers.
/home/luis/Dropbox/DATASETS_AUDIO/AOLME_Eng_fundamental_May09_2022/WAVS/G-C1L1P-Apr06-E-Irma_q2_03-07_English_018.wav,it does work,It does.
/home/luis/Dropbox/DATASETS_AUDIO/AOLME_Eng_fundamental_May09_2022/WAVS/G-C1L1P-Apr06-E-Irma_q2_03-07_English_019.wav,seventy nine right,79
/home/luis/Dropbox/DATASETS_AUDIO/AOLME_Eng_fundamental_May09_2022/WAVS/G-C1L1P-Apr06-E-Irma_q2_03-07_English_022.wav,because you wanna do it,Because you want to do.
/home/luis/Dropbox/DATASETS_AUDIO/AOLME_Eng_fundamental_May09_2022/WAVS/G-C1L1P-Apr06-E-Irma_q2_03-07_English_024.wav,does your sixty four,Is your 60?
/home/luis/Dropbox/DATASETS_AUDIO/AOLME_Eng_fundamental_May09_2022/WAVS/G-C1L1P-Apr06-E-Irma_q2_03-07_English_025.wav,all the way,All the way.
/home/luis/Dropbox/DATASETS_AUDIO/AOLME_Eng_fundamental_May09_2022/WAVS/G-C1L1P-Apr06-E-Irma_q2_03-07_English_033.wav,minus one,Minus one.
/home/luis/Dropbox/DATASETS_AUDIO/AOLME_Eng_fundamental_May09_2022/WAVS/G-C1L1P-Apr06-E-Irma_q2_03-07_English_036.wav,i dont know,I don't know.
/home/luis/Dropbox/DATASETS_AUDIO/AOLME_Eng_fundamental_May09_2022/WAVS/G-C1L1P-Apr06-E-Irma_q2_03-07_English_038.wav,my mom and my dog,My mom and my dog.
/home/luis/Dropbox/DATASETS_AUDIO/AOLME_Eng_fundamental_May09_2022/WAVS/G-C1L1P-Apr06-E-Irma_q2_03-07_English_042.wav,shes nine,She's nice.
/home/luis/Dropbox/DATASETS_AUDIO/AOLME_Eng_fundamental_May09_2022/WAVS/G-C1L1P-Apr06-E-Irma_q2_03-07_English_055.wav,gonna group in fours,Going to group in four.
/home/luis/Dropbox/DATASETS_AUDIO/AOLME_Eng_fundamental_May09_2022/WAVS/G-C1L1P-Apr06-E-Irma_q2_03-07_English_058.wav,there you go,There you go.
/home/luis/Dropbox/DATASETS_AUDIO/AOLME_Eng_fundamental_May09_2022/WAVS/G-C1L1P-Apr06-E-Irma_q2_03-07_English_059.wav,so whats that,So what's that?
/home/luis/Dropbox/DATASETS_AUDIO/AOLME_Eng_fundamental_May09_2022/WAVS/G-C1L1P-Apr06-E-Irma_q2_03-07_English_062.wav,how did you do yours,How did you do yours?
/home/luis/Dropbox/DATASETS_AUDIO/AOLME_Eng_fundamental_May09_2022/WAVS/G-C1L1P-Apr06-E-Irma_q2_03-07_English_065.wav,so you did yours,So you did your.
/home/luis/Dropbox/DATASETS_AUDIO/AOLME_Eng_fundamental_May09_2022/WAVS/G-C1L1P-Apr06-E-Irma_q2_03-07_English_067.wav,each individual,Individual.
/home/luis/Dropbox/DATASETS_AUDIO/AOLME_Eng_fundamental_May09_2022/WAVS/G-C1L1P-Apr06-E-Irma_q2_03-07_English_069.wav,how about you guys explain,How about you guys explain?
/home/luis/Dropbox/DATASETS_AUDIO/AOLME_Eng_fundamental_May09_2022/WAVS/G-C1L1P-Apr06-E-Irma_q2_03-07_English_076.wav,what is he doing,What does he do?
/home/luis/Dropbox/DATASETS_AUDIO/AOLME_Eng_fundamental_May09_2022/WAVS/G-C1L1P-Apr06-E-Irma_q2_03-07_English_077.wav,sixteen minus six,16 minutes.
/home/luis/Dropbox/DATASETS_AUDIO/AOLME_Eng_fundamental_May09_2022/WAVS/G-C1L1P-Apr06-E-Irma_q2_03-07_English_081.wav,sixty minus six,60 - 6.
/home/luis/Dropbox/DATASETS_AUDIO/AOLME_Eng_fundamental_May09_2022/WAVS/G-C1L1P-Apr06-E-Irma_q2_03-07_English_083.wav,so complicated,So complicated.
/home/luis/Dropbox/DATASETS_AUDIO/AOLME_Eng_fundamental_May09_2022/WAVS/G-C1L1P-Apr06-E-Irma_q2_03-07_English_087.wav,he used that,He used that.
/home/luis/Dropbox/DATASETS_AUDIO/AOLME_Eng_fundamental_May09_2022/WAVS/G-C1L1P-Apr06-E-Irma_q2_03-07_English_090.wav,so now what i did,So now what I did?
/home/luis/Dropbox/DATASETS_AUDIO/AOLME_Eng_fundamental_May09_2022/WAVS/G-C1L1P-Apr06-E-Irma_q2_03-07_English_091.wav,i turned on the sixty four,I turn on the 64.
/home/luis/Dropbox/DATASETS_AUDIO/AOLME_Eng_fundamental_May09_2022/WAVS/G-C1L1P-Apr06-E-Irma_q2_03-07_English_093.wav,the thirty two,The 30
/home/luis/Dropbox/DATASETS_AUDIO/AOLME_Eng_fundamental_May09_2022/WAVS/G-C1L1P-Apr06-E-Irma_q2_03-07_English_097.wav,it was three,There was three.
/home/luis/Dropbox/DATASETS_AUDIO/AOLME_Eng_fundamental_May09_2022/WAVS/G-C1L1P-Apr06-E-Irma_q2_03-07_English_101.wav,you got four right,We got 4.
/home/luis/Dropbox/DATASETS_AUDIO/AOLME_Eng_fundamental_May09_2022/WAVS/G-C1L1P-Apr06-E-Irma_q2_03-07_English_103.wav,okay ill go for you,"OK, I'll go for."
/home/luis/Dropbox/DATASETS_AUDIO/AOLME_Eng_fundamental_May09_2022/WAVS/G-C1L1P-Apr06-E-Irma_q2_03-07_English_105.wav,go ahead and do it,Go ahead and do it.
/home/luis/Dropbox/DATASETS_AUDIO/AOLME_Eng_fundamental_May09_2022/WAVS/G-C1L1P-Apr06-E-Irma_q2_03-07_English_106.wav,where do i begin,Where do I begin?
/home/luis/Dropbox/DATASETS_AUDIO/AOLME_Eng_fundamental_May09_2022/WAVS/G-C1L1P-Apr06-E-Irma_q2_03-07_English_107.wav,your ages,Your agent.
/home/luis/Dropbox/DATASETS_AUDIO/AOLME_Eng_fundamental_May09_2022/WAVS/G-C1L1P-Apr06-E-Irma_q2_03-07_English_108.wav,my brother and my mom,My brother and my mom.
/home/luis/Dropbox/DATASETS_AUDIO/AOLME_Eng_fundamental_May09_2022/WAVS/G-C1L1P-Apr06-E-Irma_q2_03-07_English_111.wav,the binary,The binary.
/home/luis/Dropbox/DATASETS_AUDIO/AOLME_Eng_fundamental_May09_2022/WAVS/G-C1L1P-Apr06-E-Irma_q2_03-07_English_113.wav,yeah the binary,"Yeah, but binary."
/home/luis/Dropbox/DATASETS_AUDIO/AOLME_Eng_fundamental_May09_2022/WAVS/G-C1L1P-Apr06-E-Irma_q2_03-07_English_114.wav,and then,And then.
/home/luis/Dropbox/DATASETS_AUDIO/AOLME_Eng_fundamental_May09_2022/WAVS/G-C1L1P-Apr06-E-Irma_q2_04-07_English_001.wav,how long it took you to make that,How long it took you to make that?
/home/luis/Dropbox/DATASETS_AUDIO/AOLME_Eng_fundamental_May09_2022/WAVS/G-C1L1P-Apr06-E-Irma_q2_04-07_English_002.wav,give me two initials from your name,Give Me 2 initials from your name.
/home/luis/Dropbox/DATASETS_AUDIO/AOLME_Eng_fundamental_May09_2022/WAVS/G-C1L1P-Apr06-E-Irma_q2_04-07_English_003.wav,dont forget mine,Don't forget mine.
/home/luis/Dropbox/DATASETS_AUDIO/AOLME_Eng_fundamental_May09_2022/WAVS/G-C1L1P-Apr06-E-Irma_q2_04-07_English_004.wav,give me marker please,Marker please.
/home/luis/Dropbox/DATASETS_AUDIO/AOLME_Eng_fundamental_May09_2022/WAVS/G-C1L1P-Apr06-E-Irma_q2_04-07_English_009.wav,hectors gonna get the e c,Hector's going to get the icy.
/home/luis/Dropbox/DATASETS_AUDIO/AOLME_Eng_fundamental_May09_2022/WAVS/G-C1L1P-Apr06-E-Irma_q2_04-07_English_010.wav,okay so what are we doing,"OK, So what are we doing?"
/home/luis/Dropbox/DATASETS_AUDIO/AOLME_Eng_fundamental_May09_2022/WAVS/G-C1L1P-Apr06-E-Irma_q2_04-07_English_011.wav,oh okay i get it,"OK, I get it."
/home/luis/Dropbox/DATASETS_AUDIO/AOLME_Eng_fundamental_May09_2022/WAVS/G-C1L1P-Apr06-E-Irma_q2_04-07_English_012.wav,you gonna have a d,You're gonna have a D.
/home/luis/Dropbox/DATASETS_AUDIO/AOLME_Eng_fundamental_May09_2022/WAVS/G-C1L1P-Apr06-E-Irma_q2_04-07_English_016.wav,what you gonna do is you gonna convert this into binary number,What you're gonna do is you're going to convert this into a binary number.
/home/luis/Dropbox/DATASETS_AUDIO/AOLME_Eng_fundamental_May09_2022/WAVS/G-C1L1P-Apr06-E-Irma_q2_04-07_English_019.wav,i need help,I need help.
/home/luis/Dropbox/DATASETS_AUDIO/AOLME_Eng_fundamental_May09_2022/WAVS/G-C1L1P-Apr06-E-Irma_q2_04-07_English_027.wav,i know what im gonna do,I know what I'm doing.
/home/luis/Dropbox/DATASETS_AUDIO/AOLME_Eng_fundamental_May09_2022/WAVS/G-C1L1P-Apr06-E-Irma_q2_04-07_English_030.wav,now we are gonna understand the internet protocol address,Now we're going to understand the Internet Protocol I've.
/home/luis/Dropbox/DATASETS_AUDIO/AOLME_Eng_fundamental_May09_2022/WAVS/G-C1L1P-Apr06-E-Irma_q2_06-07_English_003.wav,a grayscale pixel,Grayscale pixel
/home/luis/Dropbox/DATASETS_AUDIO/AOLME_Eng_fundamental_May09_2022/WAVS/G-C1L1P-Apr06-E-Irma_q2_06-07_English_007.wav,from zero to two fifty five,From zero to 255.
/home/luis/Dropbox/DATASETS_AUDIO/AOLME_Eng_fundamental_May09_2022/WAVS/G-C1L1P-Apr06-E-Irma_q2_06-07_English_008.wav,in the computer,In the computer.
/home/luis/Dropbox/DATASETS_AUDIO/AOLME_Eng_fundamental_May09_2022/WAVS/G-C1L1P-Apr06-E-Irma_q2_06-07_English_009.wav,how many bits,How many bits?
/home/luis/Dropbox/DATASETS_AUDIO/AOLME_Eng_fundamental_May09_2022/WAVS/G-C1L1P-Apr06-E-Irma_q2_06-07_English_012.wav,twenty five,25
/home/luis/Dropbox/DATASETS_AUDIO/AOLME_Eng_fundamental_May09_2022/WAVS/G-C1L1P-Apr06-E-Irma_q2_06-07_English_013.wav,two divided by,2 divided by.
/home/luis/Dropbox/DATASETS_AUDIO/AOLME_Eng_fundamental_May09_2022/WAVS/G-C1L1P-Apr06-E-Irma_q2_06-07_English_014.wav,so you guys see the mario,So you guys see the Mario?
/home/luis/Dropbox/DATASETS_AUDIO/AOLME_Eng_fundamental_May09_2022/WAVS/G-C1L1P-Apr06-E-Irma_q2_06-07_English_015.wav,you guys see this,You guys see this.
/home/luis/Dropbox/DATASETS_AUDIO/AOLME_Eng_fundamental_May09_2022/WAVS/G-C1L1P-Apr06-E-Irma_q2_06-07_English_020.wav,love math so much,I love math so much.
/home/luis/Dropbox/DATASETS_AUDIO/AOLME_Eng_fundamental_May09_2022/WAVS/G-C1L1P-Apr06-E-Irma_q2_06-07_English_021.wav,once you understand the math,Once you understand the math.
/home/luis/Dropbox/DATASETS_AUDIO/AOLME_Eng_fundamental_May09_2022/WAVS/G-C1L1P-Apr06-E-Irma_q2_06-07_English_022.wav,i need it too,I needed to.
/home/luis/Dropbox/DATASETS_AUDIO/AOLME_Eng_fundamental_May09_2022/WAVS/G-C1L1P-Apr06-E-Irma_q2_06-07_English_024.wav,is because once you get into hexa,Is because once you get into hexa.
/home/luis/Dropbox/DATASETS_AUDIO/AOLME_Eng_fundamental_May09_2022/WAVS/G-C1L1P-Apr06-E-Irma_q2_06-07_English_025.wav,you see how theres two fifty five,Do you see how there's 255?
/home/luis/Dropbox/DATASETS_AUDIO/AOLME_Eng_fundamental_May09_2022/WAVS/G-C1L1P-Apr06-E-Irma_q2_06-07_English_026.wav,the computer understands these numbers,The computer understands these numbers.
/home/luis/Dropbox/DATASETS_AUDIO/AOLME_Eng_fundamental_May09_2022/WAVS/G-C1L1P-Apr06-E-Irma_q2_06-07_English_027.wav,letters and numbers,Letters and numbers.
/home/luis/Dropbox/DATASETS_AUDIO/AOLME_Eng_fundamental_May09_2022/WAVS/G-C1L1P-Apr06-E-Irma_q2_06-07_English_029.wav,knows to stay white,Knows to stay white.
/home/luis/Dropbox/DATASETS_AUDIO/AOLME_Eng_fundamental_May09_2022/WAVS/G-C1L1P-Apr06-E-Irma_q2_06-07_English_032.wav,i need a marker,Money market.
/home/luis/Dropbox/DATASETS_AUDIO/AOLME_Eng_fundamental_May09_2022/WAVS/G-C1L1P-Apr06-E-Irma_q2_06-07_English_035.wav,hes already done,He's already done.
/home/luis/Dropbox/DATASETS_AUDIO/AOLME_Eng_fundamental_May09_2022/WAVS/G-C2L1P-Apr19-A-Allan_q2_02-05_English_029.wav,row one two three etc,So it's row 123 etcetera.
/home/luis/Dropbox/DATASETS_AUDIO/AOLME_Eng_fundamental_May09_2022/WAVS/G-C2L1P-Apr19-A-Allan_q2_02-05_English_030.wav,oh i guess we are off a little bit so i guess zero would be this one,"Oh well, I guess where we're off a little bit. So I guess 00 would be this one."
/home/luis/Dropbox/DATASETS_AUDIO/AOLME_Eng_fundamental_May09_2022/WAVS/G-C2L1P-Apr19-A-Allan_q2_02-05_English_031.wav,in this case zero would be here,"In this case, zero would be here."
/home/luis/Dropbox/DATASETS_AUDIO/AOLME_Eng_fundamental_May09_2022/WAVS/G-C2L1P-Apr19-A-Allan_q2_02-05_English_033.wav,it should be one right,"Should have been one, right?"
/home/luis/Dropbox/DATASETS_AUDIO/AOLME_Eng_fundamental_May09_2022/WAVS/G-C2L1P-Apr19-A-Allan_q2_02-05_English_044.wav,is like this you have to put zero,It's like this. You have to put stereo.
/home/luis/Dropbox/DATASETS_AUDIO/AOLME_Eng_fundamental_May09_2022/WAVS/G-C2L1P-Apr19-A-Allan_q2_03-05_English_003.wav,one two three four five six,123456.
/home/luis/Dropbox/DATASETS_AUDIO/AOLME_Eng_fundamental_May09_2022/WAVS/G-C2L1P-Apr19-A-Allan_q2_03-05_English_005.wav,what zero you are talking about,What's your are you talking about?
/home/luis/Dropbox/DATASETS_AUDIO/AOLME_Eng_fundamental_May09_2022/WAVS/G-C2L1P-Apr19-A-Allan_q2_03-05_English_008.wav,he is slow i been like in a three,"He's slow, I've been like in three steps."
/home/luis/Dropbox/DATASETS_AUDIO/AOLME_Eng_fundamental_May09_2022/WAVS/G-C2L1P-Apr19-A-Allan_q2_04-05_English_000.wav,we talk about how zero represents black,And talk about how 0 represents black.
/home/luis/Dropbox/DATASETS_AUDIO/AOLME_Eng_fundamental_May09_2022/WAVS/G-C2L1P-Apr19-A-Allan_q2_04-05_English_001.wav,one representes white,One represents white.
/home/luis/Dropbox/DATASETS_AUDIO/AOLME_Eng_fundamental_May09_2022/WAVS/G-C2L1P-Apr19-A-Allan_q2_04-05_English_003.wav,what is in binary f f,And what is in binary F?
/home/luis/Dropbox/DATASETS_AUDIO/AOLME_Eng_fundamental_May09_2022/WAVS/G-C2L1P-Apr19-A-Allan_q2_04-05_English_004.wav,one one,11
/home/luis/Dropbox/DATASETS_AUDIO/AOLME_Eng_fundamental_May09_2022/WAVS/G-C2L1P-Apr19-A-Allan_q2_04-05_English_007.wav,f f in binary,FFM binary
/home/luis/Dropbox/DATASETS_AUDIO/AOLME_Eng_fundamental_May09_2022/WAVS/G-C2L1P-Apr19-A-Allan_q2_04-05_English_009.wav,so if everything is one everything is white ok,"So if everything is one, that means everything is white turned on."
/home/luis/Dropbox/DATASETS_AUDIO/AOLME_Eng_fundamental_May09_2022/WAVS/G-C2L1P-Apr19-A-Allan_q2_04-05_English_010.wav,so zero zero,400
/home/luis/Dropbox/DATASETS_AUDIO/AOLME_Eng_fundamental_May09_2022/WAVS/G-C2L1P-Apr19-A-Allan_q2_04-05_English_011.wav,how many zeros,How many zeros?
/home/luis/Dropbox/DATASETS_AUDIO/AOLME_Eng_fundamental_May09_2022/WAVS/G-C2L1P-Apr19-A-Allan_q2_04-05_English_012.wav,so two zero look like this,I felt SO20 looks like this.
/home/luis/Dropbox/DATASETS_AUDIO/AOLME_Eng_fundamental_May09_2022/WAVS/G-C2L1P-Apr19-A-Allan_q2_04-05_English_014.wav,four binarys,4 binaries OK.
/home/luis/Dropbox/DATASETS_AUDIO/AOLME_Eng_fundamental_May09_2022/WAVS/G-C2L1P-Apr19-A-Allan_q2_04-05_English_015.wav,so the first zero have four zeros,So the first zero has four zeros.
/home/luis/Dropbox/DATASETS_AUDIO/AOLME_Eng_fundamental_May09_2022/WAVS/G-C2L1P-Apr19-A-Allan_q2_04-05_English_017.wav,two in binary is,What 2 in binary is?
/home/luis/Dropbox/DATASETS_AUDIO/AOLME_Eng_fundamental_May09_2022/WAVS/G-C2L1P-Apr19-A-Allan_q2_04-05_English_018.wav,binary,Binary.
/home/luis/Dropbox/DATASETS_AUDIO/AOLME_Eng_fundamental_May09_2022/WAVS/G-C2L1P-Apr19-A-Allan_q2_04-05_English_019.wav,is really close to this one,Is really close to this one.
/home/luis/Dropbox/DATASETS_AUDIO/AOLME_Eng_fundamental_May09_2022/WAVS/G-C2L1P-Apr19-A-Allan_q2_04-05_English_022.wav,the next one,How many the next one?
/home/luis/Dropbox/DATASETS_AUDIO/AOLME_Eng_fundamental_May09_2022/WAVS/G-C2L1P-Apr19-A-Allan_q2_04-05_English_023.wav,so three cero right,"SO30, right?"
/home/luis/Dropbox/DATASETS_AUDIO/AOLME_Eng_fundamental_May09_2022/WAVS/G-C2L1P-Apr19-A-Allan_q2_04-05_English_024.wav,again one cero,"Again, what's 0?"
/home/luis/Dropbox/DATASETS_AUDIO/AOLME_Eng_fundamental_May09_2022/WAVS/G-C2L1P-Apr19-A-Allan_q2_04-05_English_026.wav,three was three,"Three, what's 3?"
/home/luis/Dropbox/DATASETS_AUDIO/AOLME_Eng_fundamental_May09_2022/WAVS/G-C2L1P-Apr19-A-Allan_q2_04-05_English_027.wav,okey zero zero one one,"OK, 0011."
/home/luis/Dropbox/DATASETS_AUDIO/AOLME_Eng_fundamental_May09_2022/WAVS/G-C2L1P-Apr19-A-Allan_q2_04-05_English_028.wav,go ahead and look at the last one,Let's go ahead and look at the last one.
/home/luis/Dropbox/DATASETS_AUDIO/AOLME_Eng_fundamental_May09_2022/WAVS/G-C2L1P-Apr19-A-Allan_q2_04-05_English_029.wav,so this one is f zero,So this one F0.
/home/luis/Dropbox/DATASETS_AUDIO/AOLME_Eng_fundamental_May09_2022/WAVS/G-C2L1P-Apr19-A-Allan_q2_04-05_English_030.wav,so this one has some black,So this one has some black.
/home/luis/Dropbox/DATASETS_AUDIO/AOLME_Eng_fundamental_May09_2022/WAVS/G-C2L1P-Apr19-A-Allan_q2_04-05_English_031.wav,no is five five,"No, it's 55."
/home/luis/Dropbox/DATASETS_AUDIO/AOLME_Eng_fundamental_May09_2022/WAVS/G-C2L1P-Apr19-A-Allan_q2_04-05_English_035.wav,look is this one,Look is this one.
/home/luis/Dropbox/DATASETS_AUDIO/AOLME_Eng_fundamental_May09_2022/WAVS/G-C2L1P-Apr19-A-Allan_q2_04-05_English_036.wav,black is zero zero okey,The black is 00 OK.
/home/luis/Dropbox/DATASETS_AUDIO/AOLME_Eng_fundamental_May09_2022/WAVS/G-C2L1P-Apr19-A-Allan_q2_04-05_English_037.wav,okey lets try zero one,"OK, let's try 01."
/home/luis/Dropbox/DATASETS_AUDIO/AOLME_Eng_fundamental_May09_2022/WAVS/G-C2L1P-Apr19-A-Allan_q2_05-05_English_001.wav,cause zero zero is black,00 is black.
/home/luis/Dropbox/DATASETS_AUDIO/AOLME_Eng_fundamental_May09_2022/WAVS/G-C2L1P-Apr19-A-Allan_q2_05-05_English_002.wav,do zero f,The 0F
/home/luis/Dropbox/DATASETS_AUDIO/AOLME_Eng_fundamental_May09_2022/WAVS/G-C2L1P-Apr19-A-Allan_q2_05-05_English_005.wav,which one is zero zero,Which 100?
/home/luis/Dropbox/DATASETS_AUDIO/AOLME_Eng_fundamental_May09_2022/WAVS/G-C2L1P-Apr19-D-Chaitu_q2_02-05_English_001.wav,like five tens we have right,"Like 5 tens we have, right?"
/home/luis/Dropbox/DATASETS_AUDIO/AOLME_Eng_fundamental_May09_2022/WAVS/G-C2L1P-Apr19-D-Chaitu_q2_02-05_English_005.wav,its two three or two,It's two or three or two.
/home/luis/Dropbox/DATASETS_AUDIO/AOLME_Eng_fundamental_May09_2022/WAVS/G-C2L1P-Apr19-D-Chaitu_q2_02-05_English_008.wav,you choose the number,You choose the number.
/home/luis/Dropbox/DATASETS_AUDIO/AOLME_Eng_fundamental_May09_2022/WAVS/G-C2L1P-Apr19-D-Chaitu_q2_03-05_English_000.wav,its only four letters okey,"It's it's only four letters, OK?"
/home/luis/Dropbox/DATASETS_AUDIO/AOLME_Eng_fundamental_May09_2022/WAVS/G-C2L1P-Apr19-D-Chaitu_q2_03-05_English_004.wav,row one and what is the column,Rule 1 and what is the column?
/home/luis/Dropbox/DATASETS_AUDIO/AOLME_Eng_fundamental_May09_2022/WAVS/G-C2L1P-Apr19-D-Chaitu_q2_03-05_English_005.wav,you put zero,Or you bought 0?
/home/luis/Dropbox/DATASETS_AUDIO/AOLME_Eng_fundamental_May09_2022/WAVS/G-C2L1P-Apr19-D-Chaitu_q2_03-05_English_006.wav,so you need to put zero in every column,So you need to put zero in every color.
/home/luis/Dropbox/DATASETS_AUDIO/AOLME_Eng_fundamental_May09_2022/WAVS/G-C2L1P-Apr19-D-Chaitu_q2_04-05_English_005.wav,column two row three,The phone number is 00.
/home/luis/Dropbox/DATASETS_AUDIO/AOLME_Eng_fundamental_May09_2022/WAVS/G-C2L1P-Apr19-D-Chaitu_q2_04-05_English_006.wav,column three row four,Column 3.
/home/luis/Dropbox/DATASETS_AUDIO/AOLME_Eng_fundamental_May09_2022/WAVS/G-C2L1P-Apr19-D-Chaitu_q2_04-05_English_007.wav,column four row five,Column 4.
/home/luis/Dropbox/DATASETS_AUDIO/AOLME_Eng_fundamental_May09_2022/WAVS/G-C2L1P-Apr19-D-Chaitu_q2_04-05_English_009.wav,column six row four,Carla 604.
/home/luis/Dropbox/DATASETS_AUDIO/AOLME_Eng_fundamental_May09_2022/WAVS/G-C2L1P-Apr19-D-Chaitu_q2_05-05_English_000.wav,its an another computer telling us the coordinates,Also another computers telling us the coordinates.
/home/luis/Dropbox/DATASETS_AUDIO/AOLME_Eng_fundamental_May09_2022/WAVS/G-C2L1P-Feb23-B-Shelby_02-06_English_121.wav,at the end of the day,At the end of the day.
/home/luis/Dropbox/DATASETS_AUDIO/AOLME_Eng_fundamental_May09_2022/WAVS/G-C2L1P-Feb23-B-Shelby_02-06_English_135.wav,we are not expecting,We're not expect.
/home/luis/Dropbox/DATASETS_AUDIO/AOLME_Eng_fundamental_May09_2022/WAVS/G-C2L1P-Feb23-B-Shelby_03-06_English_027.wav,what did we learn,What do we learn?
/home/luis/Dropbox/DATASETS_AUDIO/AOLME_Eng_fundamental_May09_2022/WAVS/G-C2L1P-Feb23-B-Shelby_03-06_English_037.wav,the print command,Command.
/home/luis/Dropbox/DATASETS_AUDIO/AOLME_Eng_fundamental_May09_2022/WAVS/G-C2L1P-Feb23-B-Shelby_03-06_English_052.wav,it creates,It creates.
/home/luis/Dropbox/DATASETS_AUDIO/AOLME_Eng_fundamental_May09_2022/WAVS/G-C2L1P-Feb23-B-Shelby_03-06_English_135.wav,pressed it,Preston.
/home/luis/Dropbox/DATASETS_AUDIO/AOLME_Eng_fundamental_May09_2022/WAVS/G-C2L1P-Feb23-B-Shelby_03-06_English_152.wav,add numbers,That number.
/home/luis/Dropbox/DATASETS_AUDIO/AOLME_Eng_fundamental_May09_2022/WAVS/G-C2L1P-Feb23-B-Shelby_03-06_English_190.wav,its gonna,It's gone.
/home/luis/Dropbox/DATASETS_AUDIO/AOLME_Eng_fundamental_May09_2022/WAVS/G-C2L1P-Feb23-B-Shelby_03-06_English_191.wav,what is your name,What's your name?
/home/luis/Dropbox/DATASETS_AUDIO/AOLME_Eng_fundamental_May09_2022/WAVS/G-C2L1P-Feb23-B-Shelby_03-06_English_193.wav,the computer,"Well, let's have it."
/home/luis/Dropbox/DATASETS_AUDIO/AOLME_Eng_fundamental_May09_2022/WAVS/G-C2L1P-Feb23-B-Shelby_03-06_English_249.wav,what do you think,What do you think?
/home/luis/Dropbox/DATASETS_AUDIO/AOLME_Eng_fundamental_May09_2022/WAVS/G-C2L1P-Feb23-B-Shelby_03-06_English_367.wav,for example,For example.
/home/luis/Dropbox/DATASETS_AUDIO/AOLME_Eng_fundamental_May09_2022/WAVS/G-C2L1P-Mar08-D-Chaitu_q2_01-05_English_001.wav,it gives an interface,It gives an interface.
/home/luis/Dropbox/DATASETS_AUDIO/AOLME_Eng_fundamental_May09_2022/WAVS/G-C2L1P-Mar08-D-Chaitu_q2_01-05_English_003.wav,from this,From this
/home/luis/Dropbox/DATASETS_AUDIO/AOLME_Eng_fundamental_May09_2022/WAVS/G-C2L1P-Mar08-D-Chaitu_q2_01-05_English_015.wav,do you remember,Do you mean?
/home/luis/Dropbox/DATASETS_AUDIO/AOLME_Eng_fundamental_May09_2022/WAVS/G-C2L1P-Mar08-D-Chaitu_q2_01-05_English_019.wav,can you please tell us,Can you please tell?
/home/luis/Dropbox/DATASETS_AUDIO/AOLME_Eng_fundamental_May09_2022/WAVS/G-C2L1P-Mar08-D-Chaitu_q2_01-05_English_020.wav,opening the files from the,Opening the files from the.
/home/luis/Dropbox/DATASETS_AUDIO/AOLME_Eng_fundamental_May09_2022/WAVS/G-C2L1P-Mar08-D-Chaitu_q2_01-05_English_022.wav,and the file inside,And the file in.
/home/luis/Dropbox/DATASETS_AUDIO/AOLME_Eng_fundamental_May09_2022/WAVS/G-C2L1P-Mar08-D-Chaitu_q2_01-05_English_033.wav,whatever you see here,Whatever you see here.
/home/luis/Dropbox/DATASETS_AUDIO/AOLME_Eng_fundamental_May09_2022/WAVS/G-C2L1P-Mar08-D-Chaitu_q2_01-05_English_035.wav,use to go to folder,We used to go to fold.
/home/luis/Dropbox/DATASETS_AUDIO/AOLME_Eng_fundamental_May09_2022/WAVS/G-C2L1P-Mar08-D-Chaitu_q2_01-05_English_038.wav,one two three,Want you?
/home/luis/Dropbox/DATASETS_AUDIO/AOLME_Eng_fundamental_May09_2022/WAVS/G-C2L1P-Mar08-D-Chaitu_q2_01-05_English_039.wav,how do we create a file,How do we create a file?
/home/luis/Dropbox/DATASETS_AUDIO/AOLME_Eng_fundamental_May09_2022/WAVS/G-C2L1P-Mar08-D-Chaitu_q2_01-05_English_041.wav,i dont remember the names,I don't remember the name.
/home/luis/Dropbox/DATASETS_AUDIO/AOLME_Eng_fundamental_May09_2022/WAVS/G-C2L1P-Mar08-D-Chaitu_q2_01-05_English_045.wav,and then session two,And then season 2.
/home/luis/Dropbox/DATASETS_AUDIO/AOLME_Eng_fundamental_May09_2022/WAVS/G-C2L1P-Mar08-D-Chaitu_q2_01-05_English_046.wav,already in session three,Already doesn't.
/home/luis/Dropbox/DATASETS_AUDIO/AOLME_Eng_fundamental_May09_2022/WAVS/G-C2L1P-Mar08-D-Chaitu_q2_01-05_English_050.wav,control plus,Control plus.
/home/luis/Dropbox/DATASETS_AUDIO/AOLME_Eng_fundamental_May09_2022/WAVS/G-C2L1P-Mar08-D-Chaitu_q2_01-05_English_053.wav,and if you do control plus,And if you do control plus.
/home/luis/Dropbox/DATASETS_AUDIO/AOLME_Eng_fundamental_May09_2022/WAVS/G-C2L1P-Mar08-D-Chaitu_q2_01-05_English_058.wav,if x is equal to ten,If X is equal to 10.
/home/luis/Dropbox/DATASETS_AUDIO/AOLME_Eng_fundamental_May09_2022/WAVS/G-C2L1P-Mar08-D-Chaitu_q2_01-05_English_061.wav,ten to x,10 to X.
/home/luis/Dropbox/DATASETS_AUDIO/AOLME_Eng_fundamental_May09_2022/WAVS/G-C2L1P-Mar08-D-Chaitu_q2_01-05_English_062.wav,x is equal to ten,X is equal to 10.
/home/luis/Dropbox/DATASETS_AUDIO/AOLME_Eng_fundamental_May09_2022/WAVS/G-C2L1P-Mar08-D-Chaitu_q2_01-05_English_063.wav,printing x,Printing
/home/luis/Dropbox/DATASETS_AUDIO/AOLME_Eng_fundamental_May09_2022/WAVS/G-C2L1P-Mar08-D-Chaitu_q2_01-05_English_067.wav,this value,And this value.
/home/luis/Dropbox/DATASETS_AUDIO/AOLME_Eng_fundamental_May09_2022/WAVS/G-C2L1P-Mar08-D-Chaitu_q2_01-05_English_069.wav,what was the question again,What was your question again?
/home/luis/Dropbox/DATASETS_AUDIO/AOLME_Eng_fundamental_May09_2022/WAVS/G-C2L1P-Mar08-D-Chaitu_q2_01-05_English_070.wav,and this value,And this value.
/home/luis/Dropbox/DATASETS_AUDIO/AOLME_Eng_fundamental_May09_2022/WAVS/G-C2L1P-Mar08-D-Chaitu_q2_01-05_English_078.wav,can someone change this,Can someone change the?
/home/luis/Dropbox/DATASETS_AUDIO/AOLME_Eng_fundamental_May09_2022/WAVS/G-C2L1P-Mar08-D-Chaitu_q2_01-05_English_081.wav,so what is happening,So what is happening?
/home/luis/Dropbox/DATASETS_AUDIO/AOLME_Eng_fundamental_May09_2022/WAVS/G-C2L1P-Mar08-D-Chaitu_q2_01-05_English_083.wav,whatever you type here,Whatever you type here.
/home/luis/Dropbox/DATASETS_AUDIO/AOLME_Eng_fundamental_May09_2022/WAVS/G-C2L1P-Mar08-D-Chaitu_q2_01-05_English_087.wav,is over there,It's over.
/home/luis/Dropbox/DATASETS_AUDIO/AOLME_Eng_fundamental_May09_2022/WAVS/G-C2L1P-Mar08-D-Chaitu_q2_01-05_English_093.wav,what is gonna print,What it's going to print?
/home/luis/Dropbox/DATASETS_AUDIO/AOLME_Eng_fundamental_May09_2022/WAVS/G-C2L1P-Mar08-D-Chaitu_q2_01-05_English_094.wav,let us play again,Let us play a game.
/home/luis/Dropbox/DATASETS_AUDIO/AOLME_Eng_fundamental_May09_2022/WAVS/G-C2L1P-Mar08-D-Chaitu_q2_01-05_English_096.wav,so whatever you type here,So whatever you type here.
/home/luis/Dropbox/DATASETS_AUDIO/AOLME_Eng_fundamental_May09_2022/WAVS/G-C2L1P-Mar08-D-Chaitu_q2_01-05_English_097.wav,press enter,Present.
/home/luis/Dropbox/DATASETS_AUDIO/AOLME_Eng_fundamental_May09_2022/WAVS/G-C2L1P-Mar08-D-Chaitu_q2_01-05_English_099.wav,multiplied by two,Want to play with you?
/home/luis/Dropbox/DATASETS_AUDIO/AOLME_Eng_fundamental_May09_2022/WAVS/G-C2L1P-Mar08-D-Chaitu_q2_01-05_English_111.wav,they ask you the number and you put the number,They asked you the number and you put the name.
/home/luis/Dropbox/DATASETS_AUDIO/AOLME_Eng_fundamental_May09_2022/WAVS/G-C2L1P-Mar08-D-Chaitu_q2_01-05_English_113.wav,the opposite,The opposite.
/home/luis/Dropbox/DATASETS_AUDIO/AOLME_Eng_fundamental_May09_2022/WAVS/G-C2L1P-Mar08-D-Chaitu_q2_02-05_English_001.wav,this play button is like,This play button is like.
/home/luis/Dropbox/DATASETS_AUDIO/AOLME_Eng_fundamental_May09_2022/WAVS/G-C2L1P-Mar08-D-Chaitu_q2_02-05_English_003.wav,play something,Play something.
/home/luis/Dropbox/DATASETS_AUDIO/AOLME_Eng_fundamental_May09_2022/WAVS/G-C2L1P-Mar08-D-Chaitu_q2_02-05_English_010.wav,x is five,X is fine.
/home/luis/Dropbox/DATASETS_AUDIO/AOLME_Eng_fundamental_May09_2022/WAVS/G-C2L1P-Mar08-D-Chaitu_q2_02-05_English_013.wav,thats why is five,That's why it is fine.
/home/luis/Dropbox/DATASETS_AUDIO/AOLME_Eng_fundamental_May09_2022/WAVS/G-C2L1P-Mar08-D-Chaitu_q2_02-05_English_024.wav,it just prints it,It just prints it.
/home/luis/Dropbox/DATASETS_AUDIO/AOLME_Eng_fundamental_May09_2022/WAVS/G-C2L1P-Mar08-D-Chaitu_q2_02-05_English_026.wav,and then run,And then run.
/home/luis/Dropbox/DATASETS_AUDIO/AOLME_Eng_fundamental_May09_2022/WAVS/G-C2L1P-Mar08-D-Chaitu_q2_02-05_English_027.wav,so what did it print,So what did it print?
/home/luis/Dropbox/DATASETS_AUDIO/AOLME_Eng_fundamental_May09_2022/WAVS/G-C2L1P-Mar08-D-Chaitu_q2_02-05_English_028.wav,fifteen goals,Fighting gold.
/home/luis/Dropbox/DATASETS_AUDIO/AOLME_Eng_fundamental_May09_2022/WAVS/G-C2L1P-Mar08-D-Chaitu_q2_02-05_English_030.wav,what are those,What are those?
/home/luis/Dropbox/DATASETS_AUDIO/AOLME_Eng_fundamental_May09_2022/WAVS/G-C2L1P-Mar08-D-Chaitu_q2_02-05_English_042.wav,forget it,Forget.
/home/luis/Dropbox/DATASETS_AUDIO/AOLME_Eng_fundamental_May09_2022/WAVS/G-C2L1P-Mar08-D-Chaitu_q2_02-05_English_050.wav,what can you change,What can you change?
/home/luis/Dropbox/DATASETS_AUDIO/AOLME_Eng_fundamental_May09_2022/WAVS/G-C2L1P-Mar08-D-Chaitu_q2_02-05_English_051.wav,anything in this,Anything in this?
/home/luis/Dropbox/DATASETS_AUDIO/AOLME_Eng_fundamental_May09_2022/WAVS/G-C2L1P-Mar08-D-Chaitu_q2_02-05_English_053.wav,if you change,If you change.
/home/luis/Dropbox/DATASETS_AUDIO/AOLME_Eng_fundamental_May09_2022/WAVS/G-C2L1P-Mar08-D-Chaitu_q2_02-05_English_055.wav,let me change this,Let me change.
/home/luis/Dropbox/DATASETS_AUDIO/AOLME_Eng_fundamental_May09_2022/WAVS/G-C2L1P-Mar08-D-Chaitu_q2_02-05_English_057.wav,what is your name,What is your name?
/home/luis/Dropbox/DATASETS_AUDIO/AOLME_Eng_fundamental_May09_2022/WAVS/G-C2L1P-Mar08-D-Chaitu_q2_02-05_English_062.wav,and you put hello,And you pull hello.
/home/luis/Dropbox/DATASETS_AUDIO/AOLME_Eng_fundamental_May09_2022/WAVS/G-C2L1P-Mar08-D-Chaitu_q2_02-05_English_064.wav,what input is,What input is?
/home/luis/Dropbox/DATASETS_AUDIO/AOLME_Eng_fundamental_May09_2022/WAVS/G-C2L1P-Mar08-D-Chaitu_q2_02-05_English_066.wav,to give an input,To give an input.
/home/luis/Dropbox/DATASETS_AUDIO/AOLME_Eng_fundamental_May09_2022/WAVS/G-C2L1P-Mar08-D-Chaitu_q2_02-05_English_070.wav,what is your name,What is your name?
/home/luis/Dropbox/DATASETS_AUDIO/AOLME_Eng_fundamental_May09_2022/WAVS/G-C2L1P-Mar08-D-Chaitu_q2_02-05_English_076.wav,if i want to know your name,If I want to know your name.
/home/luis/Dropbox/DATASETS_AUDIO/AOLME_Eng_fundamental_May09_2022/WAVS/G-C2L1P-Mar08-D-Chaitu_q2_02-05_English_078.wav,whats your name,What's your?
/home/luis/Dropbox/DATASETS_AUDIO/AOLME_Eng_fundamental_May09_2022/WAVS/G-C2L1P-Mar08-D-Chaitu_q2_02-05_English_081.wav,to do that,To do that?
/home/luis/Dropbox/DATASETS_AUDIO/AOLME_Eng_fundamental_May09_2022/WAVS/G-C2L1P-Mar08-D-Chaitu_q2_02-05_English_084.wav,whatever it is here,Whatever it is here.
/home/luis/Dropbox/DATASETS_AUDIO/AOLME_Eng_fundamental_May09_2022/WAVS/G-C2L1P-Mar08-D-Chaitu_q2_02-05_English_086.wav,change this,Change this.
/home/luis/Dropbox/DATASETS_AUDIO/AOLME_Eng_fundamental_May09_2022/WAVS/G-C2L1P-Mar08-D-Chaitu_q2_02-05_English_087.wav,change this input,Change this in.
/home/luis/Dropbox/DATASETS_AUDIO/AOLME_Eng_fundamental_May09_2022/WAVS/G-C2L1P-Mar08-D-Chaitu_q2_02-05_English_089.wav,what is gonna happen,What is going to happen?
/home/luis/Dropbox/DATASETS_AUDIO/AOLME_Eng_fundamental_May09_2022/WAVS/G-C2L1P-Mar08-D-Chaitu_q2_02-05_English_091.wav,computer doesnt know,Computer doesn't know.
/home/luis/Dropbox/DATASETS_AUDIO/AOLME_Eng_fundamental_May09_2022/WAVS/G-C2L1P-Mar08-D-Chaitu_q2_02-05_English_092.wav,green color,Green color.
/home/luis/Dropbox/DATASETS_AUDIO/AOLME_Eng_fundamental_May09_2022/WAVS/G-C2L1P-Mar08-D-Chaitu_q2_02-05_English_093.wav,if you put this,If you put this.
/home/luis/Dropbox/DATASETS_AUDIO/AOLME_Eng_fundamental_May09_2022/WAVS/G-C2L1P-Mar08-D-Chaitu_q2_02-05_English_096.wav,so i wanna change this,So I want to change the.
/home/luis/Dropbox/DATASETS_AUDIO/AOLME_Eng_fundamental_May09_2022/WAVS/G-C2L1P-Mar08-D-Chaitu_q2_02-05_English_097.wav,if i change this what is gonna happen,"If I change this, what is going to?"
/home/luis/Dropbox/DATASETS_AUDIO/AOLME_Eng_fundamental_May09_2022/WAVS/G-C2L1P-Mar08-D-Chaitu_q2_02-05_English_101.wav,are we going to,Are we going to?
/home/luis/Dropbox/DATASETS_AUDIO/AOLME_Eng_fundamental_May09_2022/WAVS/G-C2L1P-Mar08-D-Chaitu_q2_02-05_English_104.wav,whatever you want to,Whatever you want.
/home/luis/Dropbox/DATASETS_AUDIO/AOLME_Eng_fundamental_May09_2022/WAVS/G-C2L1P-Mar08-D-Chaitu_q2_02-05_English_108.wav,change name to color,Change name to color.
/home/luis/Dropbox/DATASETS_AUDIO/AOLME_Eng_fundamental_May09_2022/WAVS/G-C2L1P-Mar08-D-Chaitu_q2_02-05_English_110.wav,forty five,40
/home/luis/Dropbox/DATASETS_AUDIO/AOLME_Eng_fundamental_May09_2022/WAVS/G-C2L1P-Mar08-D-Chaitu_q2_02-05_English_114.wav,hello name,Lonely.
/home/luis/Dropbox/DATASETS_AUDIO/AOLME_Eng_fundamental_May09_2022/WAVS/G-C2L1P-Mar08-D-Chaitu_q2_02-05_English_116.wav,what is here,What is here?
/home/luis/Dropbox/DATASETS_AUDIO/AOLME_Eng_fundamental_May09_2022/WAVS/G-C2L1P-Mar08-D-Chaitu_q2_02-05_English_127.wav,you dont have anything,You don't have any.
/home/luis/Dropbox/DATASETS_AUDIO/AOLME_Eng_fundamental_May09_2022/WAVS/G-C2L1P-Mar08-D-Chaitu_q2_02-05_English_129.wav,for the thing you want to ask,For the team you want to ask.
/home/luis/Dropbox/DATASETS_AUDIO/AOLME_Eng_fundamental_May09_2022/WAVS/G-C2L1P-Mar08-D-Chaitu_q2_02-05_English_133.wav,since i typed this,Since I have typed this.
/home/luis/Dropbox/DATASETS_AUDIO/AOLME_Eng_fundamental_May09_2022/WAVS/G-C2L1P-Mar08-D-Chaitu_q2_02-05_English_134.wav,it is not,It is not.
/home/luis/Dropbox/DATASETS_AUDIO/AOLME_Eng_fundamental_May09_2022/WAVS/G-C2L1P-Mar08-D-Chaitu_q2_02-05_English_136.wav,what it is,What it is?
/home/luis/Dropbox/DATASETS_AUDIO/AOLME_Eng_fundamental_May09_2022/WAVS/G-C2L1P-Mar08-D-Chaitu_q2_02-05_English_137.wav,so it doesnt know,So it doesn't.
/home/luis/Dropbox/DATASETS_AUDIO/AOLME_Eng_fundamental_May09_2022/WAVS/G-C2L1P-Mar08-D-Chaitu_q2_02-05_English_139.wav,color is black,The color is black.
/home/luis/Dropbox/DATASETS_AUDIO/AOLME_Eng_fundamental_May09_2022/WAVS/G-C2L1P-Mar08-D-Chaitu_q2_02-05_English_141.wav,what is this,What is this?
/home/luis/Dropbox/DATASETS_AUDIO/AOLME_Eng_fundamental_May09_2022/WAVS/G-C2L1P-Mar08-D-Chaitu_q2_02-05_English_150.wav,i have one question for you,I have one question for.
/home/luis/Dropbox/DATASETS_AUDIO/AOLME_Eng_fundamental_May09_2022/WAVS/G-C2L1P-Mar08-D-Chaitu_q2_02-05_English_151.wav,will this be printed,Will this be printed?
/home/luis/Dropbox/DATASETS_AUDIO/AOLME_Eng_fundamental_May09_2022/WAVS/G-C2L1P-Mar08-D-Chaitu_q2_03-05_English_001.wav,favorite color,Your favorite color.
/home/luis/Dropbox/DATASETS_AUDIO/AOLME_Eng_fundamental_May09_2022/WAVS/G-C2L1P-Mar08-D-Chaitu_q2_03-05_English_004.wav,but will that be printed,But will that be printed?
/home/luis/Dropbox/DATASETS_AUDIO/AOLME_Eng_fundamental_May09_2022/WAVS/G-C2L1P-Mar08-D-Chaitu_q2_03-05_English_007.wav,control plus,Control plus.
/home/luis/Dropbox/DATASETS_AUDIO/AOLME_Eng_fundamental_May09_2022/WAVS/G-C2L1P-Mar08-D-Chaitu_q2_03-05_English_012.wav,to print both of them,To print both of them.
/home/luis/Dropbox/DATASETS_AUDIO/AOLME_Eng_fundamental_May09_2022/WAVS/G-C2L1P-Mar08-D-Chaitu_q2_03-05_English_016.wav,to print,How to print?
/home/luis/Dropbox/DATASETS_AUDIO/AOLME_Eng_fundamental_May09_2022/WAVS/G-C2L1P-Mar08-D-Chaitu_q2_03-05_English_019.wav,what is going to happen,What is going to?
/home/luis/Dropbox/DATASETS_AUDIO/AOLME_Eng_fundamental_May09_2022/WAVS/G-C2L1P-Mar08-D-Chaitu_q2_03-05_English_022.wav,and the color you picked,In the color you pick.
/home/luis/Dropbox/DATASETS_AUDIO/AOLME_Eng_fundamental_May09_2022/WAVS/G-C2L1P-Mar08-D-Chaitu_q2_03-05_English_023.wav,and color blue,And color blue.
/home/luis/Dropbox/DATASETS_AUDIO/AOLME_Eng_fundamental_May09_2022/WAVS/G-C2L1P-Mar08-D-Chaitu_q2_03-05_English_025.wav,mine is blue too,Mine is blue too.
/home/luis/Dropbox/DATASETS_AUDIO/AOLME_Eng_fundamental_May09_2022/WAVS/G-C2L1P-Mar08-D-Chaitu_q2_03-05_English_026.wav,its going to say,It's going to.
/home/luis/Dropbox/DATASETS_AUDIO/AOLME_Eng_fundamental_May09_2022/WAVS/G-C2L1P-Mar08-D-Chaitu_q2_03-05_English_031.wav,hi blue,High blue
/home/luis/Dropbox/DATASETS_AUDIO/AOLME_Eng_fundamental_May09_2022/WAVS/G-C2L1P-Mar08-D-Chaitu_q2_03-05_English_032.wav,for this i give hi,For this I give him.
/home/luis/Dropbox/DATASETS_AUDIO/AOLME_Eng_fundamental_May09_2022/WAVS/G-C2L1P-Mar08-D-Chaitu_q2_03-05_English_033.wav,and for this i give blue,And for this I gave.
/home/luis/Dropbox/DATASETS_AUDIO/AOLME_Eng_fundamental_May09_2022/WAVS/G-C2L1P-Mar08-D-Chaitu_q2_03-05_English_036.wav,its gonna print the,That's good.
/home/luis/Dropbox/DATASETS_AUDIO/AOLME_Eng_fundamental_May09_2022/WAVS/G-C2L1P-Mar08-D-Chaitu_q2_03-05_English_040.wav,you have given here hi,You have given here hi.
/home/luis/Dropbox/DATASETS_AUDIO/AOLME_Eng_fundamental_May09_2022/WAVS/G-C2L1P-Mar08-D-Chaitu_q2_03-05_English_044.wav,and then run,And then run.
/home/luis/Dropbox/DATASETS_AUDIO/AOLME_Eng_fundamental_May09_2022/WAVS/G-C2L1P-Mar08-D-Chaitu_q2_03-05_English_045.wav,what is gonna be the output,What is going to be the out?
/home/luis/Dropbox/DATASETS_AUDIO/AOLME_Eng_fundamental_May09_2022/WAVS/G-C2L1P-Mar08-D-Chaitu_q2_03-05_English_053.wav,you are multilingual,We are multilingual.
/home/luis/Dropbox/DATASETS_AUDIO/AOLME_Eng_fundamental_May09_2022/WAVS/G-C2L1P-Mar08-D-Chaitu_q2_03-05_English_057.wav,a hundred one,100
/home/luis/Dropbox/DATASETS_AUDIO/AOLME_Eng_fundamental_May09_2022/WAVS/G-C2L1P-Mar08-D-Chaitu_q2_03-05_English_058.wav,to be twenty one,To be 21.
/home/luis/Dropbox/DATASETS_AUDIO/AOLME_Eng_fundamental_May09_2022/WAVS/G-C2L1P-Mar08-D-Chaitu_q2_03-05_English_059.wav,what does this operation mean,What is this operation?
/home/luis/Dropbox/DATASETS_AUDIO/AOLME_Eng_fundamental_May09_2022/WAVS/G-C2L1P-Mar08-D-Chaitu_q2_03-05_English_063.wav,everybody knows this operation right,Everybody knows this operation.
/home/luis/Dropbox/DATASETS_AUDIO/AOLME_Eng_fundamental_May09_2022/WAVS/G-C2L1P-Mar08-D-Chaitu_q2_03-05_English_069.wav,this operation,This operation.
/home/luis/Dropbox/DATASETS_AUDIO/AOLME_Eng_fundamental_May09_2022/WAVS/G-C2L1P-Mar08-D-Chaitu_q2_03-05_English_075.wav,twenty two,22
/home/luis/Dropbox/DATASETS_AUDIO/AOLME_Eng_fundamental_May09_2022/WAVS/G-C2L1P-Mar08-D-Chaitu_q2_03-05_English_082.wav,i dont understand you,I don't understand.
/home/luis/Dropbox/DATASETS_AUDIO/AOLME_Eng_fundamental_May09_2022/WAVS/G-C2L1P-Mar08-D-Chaitu_q2_03-05_English_083.wav,can you say again,Can you say?
/home/luis/Dropbox/DATASETS_AUDIO/AOLME_Eng_fundamental_May09_2022/WAVS/G-C2L1P-Mar08-D-Chaitu_q2_03-05_English_088.wav,ten plus ten,10 + 10.
/home/luis/Dropbox/DATASETS_AUDIO/AOLME_Eng_fundamental_May09_2022/WAVS/G-C2L1P-Mar08-D-Chaitu_q2_03-05_English_089.wav,twenty one,20
/home/luis/Dropbox/DATASETS_AUDIO/AOLME_Eng_fundamental_May09_2022/WAVS/G-C2L1P-Mar08-D-Chaitu_q2_03-05_English_094.wav,why is equal to ten,Y is equal to 10.
/home/luis/Dropbox/DATASETS_AUDIO/AOLME_Eng_fundamental_May09_2022/WAVS/G-C2L1P-Mar08-D-Chaitu_q2_03-05_English_103.wav,why is equal to ten,Why is equal to?
/home/luis/Dropbox/DATASETS_AUDIO/AOLME_Eng_fundamental_May09_2022/WAVS/G-C2L1P-Mar08-D-Chaitu_q2_03-05_English_111.wav,it should be capital,Which we kept.
/home/luis/Dropbox/DATASETS_AUDIO/AOLME_Eng_fundamental_May09_2022/WAVS/G-C2L1P-Mar08-D-Chaitu_q2_03-05_English_120.wav,whats going to happen,Was going to happen.
/home/luis/Dropbox/DATASETS_AUDIO/AOLME_Eng_fundamental_May09_2022/WAVS/G-C2L1P-Mar08-D-Chaitu_q2_03-05_English_121.wav,divided by one,Divided by 1.
/home/luis/Dropbox/DATASETS_AUDIO/AOLME_Eng_fundamental_May09_2022/WAVS/G-C2L1P-Mar08-D-Chaitu_q2_03-05_English_123.wav,is going to be twenty,It's going to be 2.
/home/luis/Dropbox/DATASETS_AUDIO/AOLME_Eng_fundamental_May09_2022/WAVS/G-C2L1P-Mar08-D-Chaitu_q2_03-05_English_128.wav,so ten plus ten,So 10 plus.
/home/luis/Dropbox/DATASETS_AUDIO/AOLME_Eng_fundamental_May09_2022/WAVS/G-C2L1P-Mar08-D-Chaitu_q2_03-05_English_131.wav,ten into one,10 into 1.
/home/luis/Dropbox/DATASETS_AUDIO/AOLME_Eng_fundamental_May09_2022/WAVS/G-C2L1P-Mar08-D-Chaitu_q2_03-05_English_133.wav,ten plus ten plus ten,10 + 10 + 10.
/home/luis/Dropbox/DATASETS_AUDIO/AOLME_Eng_fundamental_May09_2022/WAVS/G-C2L1P-Mar08-D-Chaitu_q2_03-05_English_135.wav,divide by small,Divided by symbol.
/home/luis/Dropbox/DATASETS_AUDIO/AOLME_Eng_fundamental_May09_2022/WAVS/G-C2L1P-Mar08-D-Chaitu_q2_03-05_English_137.wav,what would you type,What would you?
/home/luis/Dropbox/DATASETS_AUDIO/AOLME_Eng_fundamental_May09_2022/WAVS/G-C2L1P-Mar08-D-Chaitu_q2_03-05_English_140.wav,ten into two,10 into 2.
/home/luis/Dropbox/DATASETS_AUDIO/AOLME_Eng_fundamental_May09_2022/WAVS/G-C2L1P-Mar08-D-Chaitu_q2_03-05_English_143.wav,not ten divided by two,Not 10 divided by.
/home/luis/Dropbox/DATASETS_AUDIO/AOLME_Eng_fundamental_May09_2022/WAVS/G-C2L1P-Mar08-D-Chaitu_q2_03-05_English_144.wav,ten multiplied by two,10 * 2.
/home/luis/Dropbox/DATASETS_AUDIO/AOLME_Eng_fundamental_May09_2022/WAVS/G-C2L1P-Mar08-D-Chaitu_q2_03-05_English_147.wav,fifty thousand multiplied by fifty thousand,"50,000 * 53."
/home/luis/Dropbox/DATASETS_AUDIO/AOLME_Eng_fundamental_May09_2022/WAVS/G-C2L1P-Mar08-D-Chaitu_q2_03-05_English_149.wav,its very hard to calculate right,"It's very hard to calculate, right?"
/home/luis/Dropbox/DATASETS_AUDIO/AOLME_Eng_fundamental_May09_2022/WAVS/G-C2L1P-Mar08-D-Chaitu_q2_03-05_English_150.wav,its very hard,It's very.
/home/luis/Dropbox/DATASETS_AUDIO/AOLME_Eng_fundamental_May09_2022/WAVS/G-C2L1P-Mar08-D-Chaitu_q2_03-05_English_151.wav,do that or not,Do that or not.
/home/luis/Dropbox/DATASETS_AUDIO/AOLME_Eng_fundamental_May09_2022/WAVS/G-C2L1P-Mar08-D-Chaitu_q2_03-05_English_157.wav,so what is the value,So what is the value?
/home/luis/Dropbox/DATASETS_AUDIO/AOLME_Eng_fundamental_May09_2022/WAVS/G-C2L1P-Mar08-D-Chaitu_q2_03-05_English_161.wav,thirty five,35
/home/luis/Dropbox/DATASETS_AUDIO/AOLME_Eng_fundamental_May09_2022/WAVS/G-C2L1P-Mar08-D-Chaitu_q2_03-05_English_163.wav,i dont know what it would be i just know that,What would you want to stop at now?
/home/luis/Dropbox/DATASETS_AUDIO/AOLME_Eng_fundamental_May09_2022/WAVS/G-C2L1P-Mar08-D-Chaitu_q2_03-05_English_166.wav,can i try,Can I try?
/home/luis/Dropbox/DATASETS_AUDIO/AOLME_Eng_fundamental_May09_2022/WAVS/G-C2L1P-Mar08-D-Chaitu_q2_03-05_English_167.wav,answer an equation,Answering.
/home/luis/Dropbox/DATASETS_AUDIO/AOLME_Eng_fundamental_May09_2022/WAVS/G-C2L1P-Mar08-D-Chaitu_q2_04-05_English_007.wav,this is like,This is.
/home/luis/Dropbox/DATASETS_AUDIO/AOLME_Eng_fundamental_May09_2022/WAVS/G-C2L1P-Mar08-D-Chaitu_q2_04-05_English_009.wav,what is in the codes,What is in the court?
/home/luis/Dropbox/DATASETS_AUDIO/AOLME_Eng_fundamental_May09_2022/WAVS/G-C2L1P-Mar08-D-Chaitu_q2_04-05_English_021.wav,the value of this,The value of this.
/home/luis/Dropbox/DATASETS_AUDIO/AOLME_Eng_fundamental_May09_2022/WAVS/G-C2L1P-Mar08-D-Chaitu_q2_04-05_English_047.wav,all these variables a value,All these variables.
/home/luis/Dropbox/DATASETS_AUDIO/AOLME_Eng_fundamental_May09_2022/WAVS/G-C2L1P-Mar08-D-Chaitu_q2_04-05_English_099.wav,three plus two is what,3 + 2 is.
/home/luis/Dropbox/DATASETS_AUDIO/AOLME_Eng_fundamental_May09_2022/WAVS/G-C2L1P-Mar08-D-Chaitu_q2_04-05_English_102.wav,is going to print,Is going to be.
/home/luis/Dropbox/DATASETS_AUDIO/AOLME_Eng_fundamental_May09_2022/WAVS/G-C2L1P-Mar08-D-Chaitu_q2_04-05_English_104.wav,is going to print,It's going to be.
/home/luis/Dropbox/DATASETS_AUDIO/AOLME_Eng_fundamental_May09_2022/WAVS/G-C2L1P-Mar08-D-Chaitu_q2_04-05_English_116.wav,is going to do,He's going to do.
/home/luis/Dropbox/DATASETS_AUDIO/AOLME_Eng_fundamental_May09_2022/WAVS/G-C2L1P-Mar08-D-Chaitu_q2_04-05_English_138.wav,if i do like this,If I do like this.
/home/luis/Dropbox/DATASETS_AUDIO/AOLME_Eng_fundamental_May09_2022/WAVS/G-C2L1P-Mar08-D-Chaitu_q2_04-05_English_143.wav,so what is it happening,So what is it happen?
/home/luis/Dropbox/DATASETS_AUDIO/AOLME_Eng_fundamental_May09_2022/WAVS/G-C2L1P-Mar08-D-Chaitu_q2_04-05_English_144.wav,is changing from,Is changing.
/home/luis/Dropbox/DATASETS_AUDIO/AOLME_Eng_fundamental_May09_2022/WAVS/G-C2L1P-Mar08-D-Chaitu_q2_04-05_English_150.wav,its not going to change right,It's not going to change.
/home/luis/Dropbox/DATASETS_AUDIO/AOLME_Eng_fundamental_May09_2022/WAVS/G-C2L1P-Mar08-D-Chaitu_q2_04-05_English_167.wav,can you type this,Can you type?
/home/luis/Dropbox/DATASETS_AUDIO/AOLME_Eng_fundamental_May09_2022/WAVS/G-C2L1P-Mar08-D-Chaitu_q2_04-05_English_168.wav,do you understand,Did you under?
/home/luis/Dropbox/DATASETS_AUDIO/AOLME_Eng_fundamental_May09_2022/WAVS/G-C2L1P-Mar08-D-Chaitu_q2_04-05_English_199.wav,go back like this,Go back like.
/home/luis/Dropbox/DATASETS_AUDIO/AOLME_Eng_fundamental_May09_2022/WAVS/G-C2L1P-Mar08-D-Chaitu_q2_04-05_English_203.wav,and then if you want to go change this,And then if you want to go change the.
/home/luis/Dropbox/DATASETS_AUDIO/AOLME_Eng_fundamental_May09_2022/WAVS/G-C2L1P-Mar08-D-Chaitu_q2_04-05_English_207.wav,what if i give,What if I give?
/home/luis/Dropbox/DATASETS_AUDIO/AOLME_Eng_fundamental_May09_2022/WAVS/G-C2L1P-Mar08-D-Chaitu_q2_04-05_English_226.wav,you can do whatever you want,So you can do whatever you.
/home/luis/Dropbox/DATASETS_AUDIO/AOLME_Eng_fundamental_May09_2022/WAVS/G-C2L1P-Mar08-D-Chaitu_q2_04-05_English_237.wav,how it is here,How it is here?
/home/luis/Dropbox/DATASETS_AUDIO/AOLME_Eng_fundamental_May09_2022/WAVS/G-C2L1P-Mar08-D-Chaitu_q2_04-05_English_237.wav,ahh when we try to compare,How it is here?
/home/luis/Dropbox/DATASETS_AUDIO/AOLME_Eng_fundamental_May09_2022/WAVS/G-C2L1P-Mar08-D-Chaitu_q2_04-05_English_237.wav,what is the computer number,How it is here?
/home/luis/Dropbox/DATASETS_AUDIO/AOLME_Eng_fundamental_May09_2022/WAVS/G-C2L1P-Mar08-D-Chaitu_q2_04-05_English_237.wav,what is the number what is a computer number,How it is here?
/home/luis/Dropbox/DATASETS_AUDIO/AOLME_Eng_fundamental_May09_2022/WAVS/G-C2L1P-Mar08-D-Chaitu_q2_04-05_English_237.wav,if its true then we go inside,How it is here?
/home/luis/Dropbox/DATASETS_AUDIO/AOLME_Eng_fundamental_May09_2022/WAVS/G-C2L1P-Mar08-D-Chaitu_q2_04-05_English_237.wav,if its true its gonna print this,How it is here?
/home/luis/Dropbox/DATASETS_AUDIO/AOLME_Eng_fundamental_May09_2022/WAVS/G-C2L1P-Mar08-D-Chaitu_q2_04-05_English_237.wav,so thats why it printed this,How it is here?
/home/luis/Dropbox/DATASETS_AUDIO/AOLME_Eng_fundamental_May09_2022/WAVS/G-C2L1P-Mar08-D-Chaitu_q2_04-05_English_237.wav,so now we go back and we compare it again,How it is here?
/home/luis/Dropbox/DATASETS_AUDIO/AOLME_Eng_fundamental_May09_2022/WAVS/G-C2L1P-Mar08-D-Chaitu_q2_04-05_English_237.wav,so are these ones the same are these two different,How it is here?
/home/luis/Dropbox/DATASETS_AUDIO/AOLME_Eng_fundamental_May09_2022/WAVS/G-C2L1P-Mar08-D-Chaitu_q2_04-05_English_237.wav,so is false right,How it is here?
/home/luis/Dropbox/DATASETS_AUDIO/AOLME_Eng_fundamental_May09_2022/WAVS/G-C2L1P-Mar08-D-Chaitu_q2_04-05_English_237.wav,thats why it only prints one one less than so the secret number,How it is here?
/home/luis/Dropbox/DATASETS_AUDIO/AOLME_Eng_fundamental_May09_2022/WAVS/G-C2L1P-Mar08-D-Chaitu_q2_04-05_English_237.wav,so thats what base ten and base ten what,How it is here?
/home/luis/Dropbox/DATASETS_AUDIO/AOLME_Eng_fundamental_May09_2022/WAVS/G-C2L1P-Mar08-D-Chaitu_q2_04-05_English_237.wav,so if you look at it,How it is here?
/home/luis/Dropbox/DATASETS_AUDIO/AOLME_Eng_fundamental_May09_2022/WAVS/G-C2L1P-Mar08-D-Chaitu_q2_04-05_English_237.wav,thats why they call it base ten,How it is here?
/home/luis/Dropbox/DATASETS_AUDIO/AOLME_Eng_fundamental_May09_2022/WAVS/G-C2L1P-Mar08-D-Chaitu_q2_04-05_English_237.wav,binary numbers okay,How it is here?
/home/luis/Dropbox/DATASETS_AUDIO/AOLME_Eng_fundamental_May09_2022/WAVS/G-C2L1P-Mar08-D-Chaitu_q2_04-05_English_237.wav,binary,How it is here?
/home/luis/Dropbox/DATASETS_AUDIO/AOLME_Eng_fundamental_May09_2022/WAVS/G-C2L1P-Mar08-D-Chaitu_q2_04-05_English_237.wav,digits,How it is here?
/home/luis/Dropbox/DATASETS_AUDIO/AOLME_Eng_fundamental_May09_2022/WAVS/G-C2L1P-Mar08-D-Chaitu_q2_04-05_English_237.wav,moving on moving on,How it is here?
/home/luis/Dropbox/DATASETS_AUDIO/AOLME_Eng_fundamental_May09_2022/WAVS/G-C2L1P-Mar08-D-Chaitu_q2_04-05_English_237.wav,square number,How it is here?
/home/luis/Dropbox/DATASETS_AUDIO/AOLME_Eng_fundamental_May09_2022/WAVS/G-C2L1P-Mar08-D-Chaitu_q2_04-05_English_237.wav,minus two point one right yeah,How it is here?
/home/luis/Dropbox/DATASETS_AUDIO/AOLME_Eng_fundamental_May09_2022/WAVS/G-C2L1P-Mar08-D-Chaitu_q2_04-05_English_237.wav,just one,How it is here?
/home/luis/Dropbox/DATASETS_AUDIO/AOLME_Eng_fundamental_May09_2022/WAVS/G-C2L1P-Mar08-D-Chaitu_q2_04-05_English_237.wav,the abacus is on the computer,How it is here?
/home/luis/Dropbox/DATASETS_AUDIO/AOLME_Eng_fundamental_May09_2022/WAVS/G-C2L1P-Mar08-D-Chaitu_q2_04-05_English_237.wav,do you see the abacus uhh you have mario,How it is here?
/home/luis/Dropbox/DATASETS_AUDIO/AOLME_Eng_fundamental_May09_2022/WAVS/G-C2L1P-Mar08-D-Chaitu_q2_04-05_English_237.wav,i dont think they have four here,How it is here?
/home/luis/Dropbox/DATASETS_AUDIO/AOLME_Eng_fundamental_May09_2022/WAVS/G-C2L1P-Mar08-D-Chaitu_q2_04-05_English_237.wav,okay so thats a simple one,How it is here?
/home/luis/Dropbox/DATASETS_AUDIO/AOLME_Eng_fundamental_May09_2022/WAVS/G-C2L1P-Mar08-D-Chaitu_q2_04-05_English_237.wav,biggest two digit they can use right,How it is here?
/home/luis/Dropbox/DATASETS_AUDIO/AOLME_Eng_fundamental_May09_2022/WAVS/G-C2L1P-Mar08-D-Chaitu_q2_04-05_English_237.wav,after two digit you have to go to three right,How it is here?
/home/luis/Dropbox/DATASETS_AUDIO/AOLME_Eng_fundamental_May09_2022/WAVS/G-C2L1P-Mar08-D-Chaitu_q2_04-05_English_237.wav,they dont they dont speak english,How it is here?
/home/luis/Dropbox/DATASETS_AUDIO/AOLME_Eng_fundamental_May09_2022/WAVS/G-C2L1P-Mar08-D-Chaitu_q2_04-05_English_237.wav,you need another talent you wanna show,How it is here?
/home/luis/Dropbox/DATASETS_AUDIO/AOLME_Eng_fundamental_May09_2022/WAVS/G-C2L1P-Mar08-D-Chaitu_q2_04-05_English_237.wav,switches,How it is here?
/home/luis/Dropbox/DATASETS_AUDIO/AOLME_Eng_fundamental_May09_2022/WAVS/G-C2L1P-Mar08-D-Chaitu_q2_04-05_English_237.wav,zero means off and we write from right to left okay,How it is here?
/home/luis/Dropbox/DATASETS_AUDIO/AOLME_Eng_fundamental_May09_2022/WAVS/G-C2L1P-Mar08-D-Chaitu_q2_04-05_English_237.wav,ah what is right,How it is here?
/home/luis/Dropbox/DATASETS_AUDIO/AOLME_Eng_fundamental_May09_2022/WAVS/G-C2L1P-Mar08-D-Chaitu_q2_04-05_English_237.wav,tell them to discuss,How it is here?
/home/luis/Dropbox/DATASETS_AUDIO/AOLME_Eng_fundamental_May09_2022/WAVS/G-C3L1P-Apr11-C-Phuong_q2_01-05_English_006.wav,so what is this number,So what is this number?
/home/luis/Dropbox/DATASETS_AUDIO/AOLME_Eng_fundamental_May09_2022/WAVS/G-C3L1P-Apr11-C-Phuong_q2_01-05_English_007.wav,one one one,Where are you going?
/home/luis/Dropbox/DATASETS_AUDIO/AOLME_Eng_fundamental_May09_2022/WAVS/G-C3L1P-Apr11-C-Phuong_q2_02-05_English_007.wav,which one is the biggest number here,Which one is the biggest number in here?
/home/luis/Dropbox/DATASETS_AUDIO/AOLME_Eng_fundamental_May09_2022/WAVS/G-C3L1P-Apr11-C-Phuong_q2_03-05_English_020.wav,column three is here,2003 is here.
/home/luis/Dropbox/DATASETS_AUDIO/AOLME_Eng_fundamental_May09_2022/WAVS/IS-C1L1P_Apr27_Jose_01-01_English_001.wav,like eight plus four,Like 8 + 4.
/home/luis/Dropbox/DATASETS_AUDIO/AOLME_Eng_fundamental_May09_2022/WAVS/IS-C1L1P_Apr27_Jose_01-01_English_006.wav,like multiplying the numbers,Like multiplying the numbers.
/home/luis/Dropbox/DATASETS_AUDIO/AOLME_Eng_fundamental_May09_2022/WAVS/IS-C1L1P_Apr27_Jose_01-01_English_007.wav,numbers and letters,Numbers and letters.
/home/luis/Dropbox/DATASETS_AUDIO/AOLME_Eng_fundamental_May09_2022/WAVS/IS-C1L1P_Apr27_Jose_01-01_English_008.wav,programming and stuff,Programming and.
/home/luis/Dropbox/DATASETS_AUDIO/AOLME_Eng_fundamental_May09_2022/WAVS/IS-C1L1P_Apr27_Jose_01-01_English_010.wav,and programming,And programming.
/home/luis/Dropbox/DATASETS_AUDIO/AOLME_Eng_fundamental_May09_2022/WAVS/IS-C1L1P_Apr27_Jose_01-01_English_011.wav,for mathematics,For mathematics.
/home/luis/Dropbox/DATASETS_AUDIO/AOLME_Eng_fundamental_May09_2022/WAVS/IS-C1L1P_Apr27_Mathew_01-01_English_004.wav,one and zero,One in zero.
/home/luis/Dropbox/DATASETS_AUDIO/AOLME_Eng_fundamental_May09_2022/WAVS/IS-C1L1P_Apr27_Mathew_01-01_English_005.wav,binary numbers,By the numbers.
/home/luis/Dropbox/DATASETS_AUDIO/AOLME_Eng_fundamental_May09_2022/WAVS/IS-C1L1P_Apr27_Mathew_01-01_English_006.wav,two plus two,
/home/luis/Dropbox/DATASETS_AUDIO/AOLME_Eng_fundamental_May09_2022/WAVS/IS-C1L1P_Apr27_Mathew_01-01_English_009.wav,we separated them into fours,Separate them into fours.
/home/luis/Dropbox/DATASETS_AUDIO/AOLME_Eng_fundamental_May09_2022/WAVS/IS-C1L1P_Apr27_Mathew_01-01_English_011.wav,one zero,10
/home/luis/Dropbox/DATASETS_AUDIO/AOLME_Eng_fundamental_May09_2022/WAVS/IS-C1L1P_Apr27_Mathew_01-01_English_012.wav,one zero one,101
/home/luis/Dropbox/DATASETS_AUDIO/AOLME_Eng_fundamental_May09_2022/WAVS/IS-C1L1P_Apr27_Mathew_01-01_English_013.wav,zero zero zero,000
/home/luis/Dropbox/DATASETS_AUDIO/AOLME_Eng_fundamental_May09_2022/WAVS/IS-C1L1P_Apr27_Mathew_01-01_English_014.wav,for programming,For program.
/home/luis/Dropbox/DATASETS_AUDIO/AOLME_Eng_fundamental_May09_2022/WAVS/IS-C1L1P_Apr27_Mathew_01-01_English_015.wav,how did you like math,How did you like mad?
/home/luis/Dropbox/DATASETS_AUDIO/AOLME_Eng_fundamental_May09_2022/WAVS/IS-C1L1P_Apr27_Mathew_01-01_English_018.wav,tell me the numbers,Tell me the number.
/home/luis/Dropbox/DATASETS_AUDIO/AOLME_Eng_fundamental_May09_2022/WAVS/IS-C1L1P_Apr27_Mathew_01-01_English_019.wav,and for programming,And for programming.
/home/luis/Dropbox/DATASETS_AUDIO/AOLME_Eng_fundamental_May09_2022/WAVS/IS-C1L1P_Apr27_Mathew_01-01_English_020.wav,binary numbers,Binary numbers.
/home/luis/Dropbox/DATASETS_AUDIO/AOLME_Eng_fundamental_May09_2022/WAVS/IS-C1L1P_May06_Draven_01-01_English_002.wav,to program stuff,YouTube program stuff.
/home/luis/Dropbox/DATASETS_AUDIO/AOLME_Eng_fundamental_May09_2022/WAVS/IS-C1L1P_May06_Draven_01-01_English_003.wav,on the graph,On the graph.
/home/luis/Dropbox/DATASETS_AUDIO/AOLME_Eng_fundamental_May09_2022/WAVS/IS-C1L1P_May06_Draven_01-01_English_006.wav,tell me about those numbers,Tell me about those numbers.
/home/luis/Dropbox/DATASETS_AUDIO/AOLME_Eng_fundamental_May09_2022/WAVS/IS-C1L1P_May06_Draven_01-01_English_008.wav,one to two fifty five,122 fifty five.
/home/luis/Dropbox/DATASETS_AUDIO/AOLME_Eng_fundamental_May09_2022/WAVS/IS-C1L1P_May06_Draven_01-01_English_010.wav,two fifty five,255
/home/luis/Dropbox/DATASETS_AUDIO/AOLME_Eng_fundamental_May09_2022/WAVS/IS-C1L1P_May06_Draven_01-01_English_013.wav,we program,We program.
/home/luis/Dropbox/DATASETS_AUDIO/AOLME_Eng_fundamental_May09_2022/WAVS/IS-C1L1P_May06_Draven_01-01_English_014.wav,one square,One square
/home/luis/Dropbox/DATASETS_AUDIO/AOLME_Eng_fundamental_May09_2022/WAVS/IS-C1L1P_May06_Draven_01-01_English_015.wav,the numbers,The numbers.
/home/luis/Dropbox/DATASETS_AUDIO/AOLME_Eng_fundamental_May09_2022/WAVS/IS-C1L1P_May06_Draven_01-01_English_017.wav,math and programming,Math and programming.
/home/luis/Dropbox/DATASETS_AUDIO/AOLME_Eng_fundamental_May09_2022/WAVS/IS-C1L1P_May06_Draven_01-01_English_019.wav,what about computer programming,What about computer programming?
/home/luis/Dropbox/DATASETS_AUDIO/AOLME_Eng_fundamental_May09_2022/WAVS/IS-C1L1P_May06_Jhon_01-01_English_011.wav,how much you like math,How much do you like my?
/home/luis/Dropbox/DATASETS_AUDIO/AOLME_Eng_fundamental_May09_2022/WAVS/IS-C1L1P_May11_Angelina_01-01_English_017.wav,to tell me about what did you learn,To tell me about what did you?
